name,media_type
pravdive.eu,antisystem
tyden.cz,tabloid
denik.cz,mainstream
idnes.cz - blog,opinion
zpravy.iDNES.cz,mainstream
ct24.cz,mainstream
aktualne.cz,mainstream
iHNed.cz,mainstream
e15.cz,mainstream
neviditelnypes.cz,political_tabloid
reflex.cz,opinion
politicke-listy.cz,antisystem
zpravy.rozhlas.cz,mainstream
ceskenoviny.cz,mainstream
tn.cz,mainstream
24zpravy.com,market_driven
blog.idnes.cz,opinion
respekt.cz,opinion
tnbiz.cz,mainstream
nazory.aktualne.cz,opinion
prazsky.denik.cz,other
ihned.cz,mainstream
zet.cz,mainstream
5plus2,mainstream
romea.cz,other
almanach.cz,antisystem
zpravy.tiscali.cz,mainstream
cz24.news,antisystem
securitymagazin.cz,other
ceskobudejovicky.denik.cz,other
jindrichohradecky.denik.cz,other
ceskokrumlovsky.denik.cz,other
taborsky.denik.cz,other
pisecky.denik.cz,other
strakonicky.denik.cz,other
prachaticky.denik.cz,other
ČRo - plus.cz,mainstream
kladensky.denik.cz,other
ceskepodcasty.cz,other
kutnohorsky.denik.cz,other
benesovsky.denik.cz,other
nymbursky.denik.cz,other
boleslavsky.denik.cz,other
brnensky.denik.cz,other
pribramsky.denik.cz,other
berounsky.denik.cz,other
rakovnicky.denik.cz,other
Katolický týdeník,opinion
melnicky.denik.cz,other
kolinsky.denik.cz,other
moravskoslezsky.denik.cz,other
ustecky.denik.cz,other
breclavsky.denik.cz,other
karvinsky.denik.cz,other
fm.denik.cz,other
hodoninsky.denik.cz,other
znojemsky.denik.cz,other
mostecky.denik.cz,other
blanensky.denik.cz,other
vyskovsky.denik.cz,other
plzensky.denik.cz,other
newsbox.cz,market_driven
bruntalsky.denik.cz,other
hradecky.denik.cz,other
decinsky.denik.cz,other
havlickobrodsky.denik.cz,other
zdarsky.denik.cz,other
opavsky.denik.cz,other
novojicinsky.denik.cz,other
jihlavsky.denik.cz,other
orlicky.denik.cz,other
czpravy.cz,market_driven
liberecky.denik.cz,other
pardubicky.denik.cz,other
teplicky.denik.cz,other
rychnovsky.denik.cz,other
ceskolipsky.denik.cz,other
jablonecky.denik.cz,other
karlovarsky.denik.cz,other
trebicsky.denik.cz,other
chomutovsky.denik.cz,other
olomoucky.denik.cz,other
zatecky.denik.cz,other
sokolovsky.denik.cz,other
ahaonline.cz,tabloid
chebsky.denik.cz,other
litomericky.denik.cz,other
chrudimsky.denik.cz,other
radio.cz,mainstream
klatovsky.denik.cz,other
krkonossky.denik.cz,other
domazlicky.denik.cz,other
jicinsky.denik.cz,other
zlinsky.denik.cz,other
tachovsky.denik.cz,other
pelhrimovsky.denik.cz,other
slovacky.denik.cz,other
svitavsky.denik.cz,other
rokycansky.denik.cz,other
nachodsky.denik.cz,other
valassky.denik.cz,other
vasevec.cz,political_tabloid
kromerizsky.denik.cz,other
sumpersky.denik.cz,other
prerovsky.denik.cz,other
prostejovsky.denik.cz,other
hranicky.denik.cz,other
pravo.cz,mainstream
podripsky.denik.cz,other
G.cz,market_driven
sport.iDNES.cz,other
businessinfo.cz,institution_web
talk.youradio.cz,other
ods.cz,party_web
Obchodní věstník,other
magazin.panobcan.cz,antisystem
regiony.impuls.cz,mainstream
ČRo Plzeň,other
Euro,mainstream
ČRo - radiozurnal.cz,mainstream
ČRo Dvojka,mainstream
databazeknih.cz,other
Téma,mainstream
ČRo Hradec Králové,other
Pražský deník,other
ČRo Pardubice,other
sport.cz,other
enviweb.cz,opinion
nezpravy.cz,market_driven
nova.cz,mainstream
Týdeník Echo,opinion
isport.cz,other
ČRo Brno,other
itmix.cz,other
ČRo - wave.cz,mainstream
ekolist.cz,opinion
Seznam.cz TV,mainstream
roadcycling.cz,other
Radio Praha,other
necenzurovanapravda.cz,antisystem
ČRo - dvojka.cz,mainstream
feedit.cz,other
megazine.cz,antisystem
Týdeník Rozhlas,mainstream
staloseted.cz,market_driven
spd.cz,party_web
Ekonom,mainstream
Regina DAB Praha,other
Hitrádio FM,mainstream
dotyk.cz,mainstream
ČRo Ostrava,other
Týdeník Květy,mainstream
ČRo Olomouc,other
seznam.cz,mainstream
knihcentrum.cz,other
kritiky.cz,other
ČRo České Budějovice,other
Chebský deník,other
proglas.cz,opinion
praguemonitor.com,mainstream
prahain.cz,other
Děčínský deník,other
svobodnymonitor.cz,antisystem
protext.cz,other
ceskenovinky1.eu,market_driven
prvnizpravy.parlamentnilisty.cz,antisystem
blog.ihned.cz,opinion
dialog.ihned.cz,opinion
pravyprostor.net,antisystem
Kroměřížský deník,other
Literární noviny,opinion
ekonomika.iDNES.cz,mainstream
Čro Zlín,other
stoplusjednicka.cz,mainstream
Tvar,opinion
brnenskadrbna.cz,other
forbes.cz,mainstream
kinobox.cz,other
wn24.cz,market_driven
iliteratura.cz,other
forexbanka.cz,market_driven
Nedělní Blesk,tabloid
byznys.ihned.cz,mainstream
libereckadrbna.cz,other
ČRo - vltava.cz,mainstream
"ČRo Region, Středočeský kraj",other
ČRo Liberec,other
Reportér,investigative
iDNES.cz,mainstream
applerecenze.cz,other
finmag.cz,opinion
manipulatori.cz,other
ČRo Karlovy Vary,other
Radio Prague International,mainstream
zdravotnickydenik.cz,other
brno.iDNES.cz,other
budejckadrbna.cz,other
euro.e15.cz,mainstream
Sport,other
respekt.cz - blog,opinion
Regionální televize CZ,mainstream
ČRo Regina,other
REGION OPAVSKO,other
divadelni-noviny.cz,other
itbiz.cz,other
magazin.aktualne.cz,mainstream
Hradecký deník,other
ČRo - sever.cz,other
Dotyk,mainstream
Jihlavské listy,other
mediahub.cz,other
Boleslavský deník,other
ČRo - hradec.cz,other
Hitrádio Vysočina,other
elogistika.info,other
ournet.cz,market_driven
casopisczechindustry.cz,other
Hitrádio FM PLUS,mainstream
Hitrádio Orion,mainstream
ucho24.cz,antisystem
zena.cz,mainstream
Týdeník FORUM,opinion
cirkev.cz,opinion
clovekvtisni.cz,institution_web
ekonom.cz,mainstream
klubknihomolu.cz,other
Host,other
i60.cz,mainstream
agris.cz,other
HROT,market_driven
praha.iDNES.cz,other
Hitrádio FAKTOR,mainstream
eurabia.parlamentnilisty.cz,antisystem
plzenskadrbna.cz,other
scena.cz,other
DVTV,mainstream
Divadelní noviny,other
Plzeňský deník,other
Cinema,other
web4trader.cz,other
Instinkt,mainstream
Xantypa,mainstream
flowee.cz,mainstream
bigbloger.lidovky.cz,opinion
100+1 zahraniční zajímavost,mainstream
ego!,mainstream
epochaplus.cz,other
Pátek Lidových novin,mainstream
kscm.cz,party_web
ostrava.iDNES.cz,other
ČT 2,mainstream
prazskadrbna.cz,other
psp.cz,institution_web
cbdb.cz,other
usti.iDNES.cz,other
artalk.cz,mainstream
Brněnský deník,other
klaus.cz,opinion
lupa.cz,other
protisedi.cz,other
iportal24.cz,political_tabloid
tribune.cz,other
Ústecký deník,other
Horácké noviny,other
kultura21.cz,other
myfeds.com,market_driven
akceplzen.cz,other
jihlavskadrbna.cz,other
turistika.cz,other
Lidé a země,mainstream
lideazeme.cz,other
Rádio City,other
Vlasta,mainstream
virtually.cz,political_tabloid
gvkb.cz,other
ZAK TV,other
Hitrádio MAGIC,mainstream
islamizace.cz,antisystem
Nový prostor,other
Epocha,other
Naše rodina,mainstream
Chomutovský deník,other
systemonline.cz,other
Magazín Víkend DNES,mainstream
czso.cz,institution_web
zena-in.cz,mainstream
Policista,institution_web
Vesmír,mainstream
hradeckadrbna.cz,other
xman.iDNES.cz,mainstream
Liberecký deník,other
protiproud.parlamentnilisty.cz,antisystem
Berounský deník,other
mzv.cz,institution_web
novarepublika.online,antisystem
zive.cz,mainstream
genusplus.cz,other
newstream.cz,mainstream
Magazín Práva,mainstream
Mostecký deník,other
ČRo - cb.cz,other
parabola.cz,other
Českobudějovický deník,other
Žatecký a lounský deník,other
Českokrumlovský deník,other
Hitrádio MAGIC BRNO,other
chytrazena.cz,mainstream
ekonomicky-denik.cz,market_driven
lifee.cz,mainstream
root.cz,other
Aha! neděle,tabloid
Rádio Blaník - Čechy,other
Veřejná správa,institution_web
Znojemsko,other
channelworld.cz,other
ČT D: / ČT Art,mainstream
zlin.iDNES.cz,other
Evropské noviny,mainstream
IT SYSTEMS,other
pedagogicke.info,opinion
armyweb.cz,other
yplay.cz,market_driven
Litoměřický deník,other
Nový život - zpravodajský týdeník,other
hradec.iDNES.cz,other
zdn.cz,mainstream
Klatovský deník,other
National Geographic Česko,mainstream
extrastory.cz,tabloid
kosmas.cz,other
budejovice.iDNES.cz,other
ceskaskola.cz,opinion
Příbramský deník,other
freeglobe.parlamentnilisty.cz,antisystem
Jablonecký deník,other
silvarium.cz,other
ČRo - strednicechy.cz,other
Mělnický deník,other
Speciál DNES,mainstream
jihlava.iDNES.cz,other
Kolínský deník,other
divadlo.cz,other
Forbes Česko,mainstream
Rakovnický deník,other
kultura.iDNES.cz,mainstream
Rádio Čas,mainstream
ČRo - vysocina.cz,other
Břeclavský deník,other
Magazín Mladé fronty DNES,mainstream
olomouc.iDNES.cz,other
liberec.iDNES.cz,other
sport.aktualne.centrum.cz,other
CNN Prima NEWS - youtube,mainstream
Kladenský deník,other
Svitavský deník,other
TV magazín,mainstream
ČRo - plzen.cz,other
Nymburský deník,other
mediaguru.cz,other
Medical Tribune,other
Táborský deník,other
lui.cz,opinion
Jindřichohradecký deník,other
operaplus.cz,other
fullmoonzine.cz,other
nase-voda.cz,other
Teplický deník,other
Dobrý den s kurýrem,other
Olomoucký deník,other
ona.iDNES.cz,mainstream
tv.iDNES.cz,mainstream
fandimefilmu.cz,other
Chvilka pro tebe,mainstream
Marketing & Media,other
plzen.iDNES.cz,other
zastavmezlodeje.com,antisystem
Havlíčkobrodský deník,other
mistnikultura.cz,mainstream
ČRo - regina.cz,other
kulturni-noviny.cz,political_tabloid
nasepraha10.cz,other
ostravan.cz,other
zeny.iprima.cz,mainstream
Demokratický střed,opinion
cestovani.iDNES.cz,mainstream
games.cz,other
konzervativnilisty.cz,opinion
den24.cz,antisystem
"ČRo Region, Vysočina",other
svethospodarstvi.cz,opinion
Prager Zeitung,mainstream
ČRo - olomouc.cz,other
Orlický deník,other
abclinuxu.cz,other
cnews.cz,other
avmania.cz,other
Zlínský deník,other
Chrudimský deník,other
Tachovský deník,other
antimeloun.cz,antisystem
karlovarskadrbna.cz,other
medium.seznam.cz,opinion
technet.cz,other
informuji.cz,mainstream
stream.cz - web,mainstream
zenysro.cz,mainstream
Právo Víkend,mainstream
The Prague Post,other
pehe.cz,opinion
KOKTEJL,mainstream
Pelhřimovský deník,other
FaktorS,political_tabloid
Knižní novinky,other
Krajské noviny,mainstream
Krkonošský deník,other
Poslanecká sněmovna ČR,institution_web
Studio N - podcast,investigative
e15-premium.cz,mainstream
rvp.cz,institution_web
tydenvlk.cz,other
Šumperský a jesenický deník,other
Nové Přerovsko,other
TV Praha,other
dfens-cz.com,antisystem
listy.cz,mainstream
Kutnohorský deník,other
Slovácký deník,other
Strakonický deník,other
sciencemag.cz,mainstream
zdravezpravy.cz,other
21. Století,mainstream
pametnaroda.cz,mainstream
Enigma,tabloid
emimino.cz,other
Rádio Blaník - Praha,other
Valašský deník,other
opojisteni.cz,other
vary.iDNES.cz,other
Newsweek,mainstream
Revue Sondy,opinion
totalfilm.cz,other
digizone.cz,other
revue.iDNES.cz,tabloid
vedavyzkum.cz,mainstream
satcentrum.com,other
ČRo - ostrava.cz,other
Naše Pravda,party_web
advojka.cz,opinion
zoom.iprima.cz,mainstream
MaM.cz,opinion
Ona DNES,mainstream
babylonrevue.cz,mainstream
Rychnovský deník,other
V1 TV,other
charita.cz,institution_web
prahatv.eu,other
zakrasnejsivimperk.cz,other
Týdeník Televize,mainstream
nasepravda.cz,party_web
Hitrádio City Brno,other
Jičínský deník,other
katyd.cz,opinion
Slovácko - regionální týdeník,other
policie.cz,institution_web
h7o.cz,other
Computerworld,other
zpravodajstvi.ecn.cz,other
Moravskoslezský deník,other
casjenprome.cz,mainstream
Týdeník Frýdecko-Místecko,other
pardubice.iDNES.cz,other
regionalist.cz,other
Třebíčský deník,other
Hudební rozhledy,other
i-divadlo.cz,other
nejbusiness.cz,other
Můj kousek štěstí,tabloid
mpo.cz,institution_web
Rokycanský deník,other
Rytmus života,tabloid
Technický týdeník,other
rmol.cz,other
Art + antiques,other
FINMAG,opinion
ČRo - brno.cz,other
Rádio Blaník - sever,other
autoforum.cz,other
czechfreepress.info,antisystem
mediar.cz,other
stavebniserver.com,other
kafe.cz,tabloid
klubnovinaruzlin.cz,other
pro-energy.cz,other
podivinsky.cz,antisystem
svetovak.cz,market_driven
Deník Víkend,mainstream
E15 weekly,mainstream
Karlovarský deník,other
Náš region Praha,other
asocr.cz,institution_web
computerworld.cz,other
prozeny.cz,mainstream
"Týden u nás, okresní noviny",other
archiweb.cz,other
blog.respekt.cz,opinion
businessit.cz,other
Sedmička,tabloid
pozitivni-noviny.cz,other
ustavmezinarodnichvztahu.cz,institution_web
armadninoviny.cz,opinion
protiproud.info,antisystem
ČRo - pardubice.cz,other
112,institution_web
Slovácké noviny - regionální týdeník,other
deliandiver.org,antisystem
Přerovský a hranický deník,other
filmserver.cz,other
iDNES - podcast,mainstream
kdykde.cz,mainstream
Náchodský deník,other
Sokolovský deník,other
amnesty.cz,institution_web
letemsvetemapplem.eu,other
zemedelec.cz,other
Bruntálský a krnovský deník,other
eduin.cz,institution_web
ČRo - digitalniradio.cz,mainstream
Esquire,mainstream
TV max,mainstream
businessworld.cz,other
energy-hub.cz,other
musicserver.cz,other
pozitivnisvet.cz,antisystem
Prachatický deník,other
Překvapení,mainstream
Reseller Magazine,other
TV STAR,mainstream
malostranskadrbna.cz,other
deti-noci.cz,other
ROCK & POP,other
abicko.cz,other
Hodonínský deník,other
mobilmania.cz,other
25fps.cz,mainstream
Moje chvilka pohody,mainstream
homerlive.cz,other
ulekare.cz,other
Hranický týden,other
Žďárský deník,other
Horizont,other
ict-nn.com,other
Kiss Morava - Ostrava,other
cc.cz - CzechCrunch,other
Homér,other
Opavský a hlučínský deník,other
Znojemský deník,other
ČRo - liberec.cz,other
lekari-bez-hranic.cz,institution_web
Psychologie dnes,mainstream
Týdeník Bruntálský Region,other
asz.cz,institution_web
Komora.cz,institution_web
serialzone.cz,other
volnyblog.cz,antisystem
TRADE NEWS,other
Vyškovské noviny,other
klasikaplus.cz,other
Havířovský deník,other
helpnet.cz,other
spcr.cz,other
itpoint.cz,other
ruik.cz,other
ČRo - vary.cz,other
Blanenský deník,other
iuhli.cz,other
Novojičínský deník,other
Computer,other
Zemědělec,other
krimi-plzen.cz,other
pcporadenstvi.cz,other
investigace.cz,investigative
senat.cz,institution_web
narodninoviny.cz,antisystem
AUTO.cz,other
Dopravní noviny,other
chip.cz,other
Naše Valašsko - regionální týdeník,other
21stoleti.cz,other
hedvabnastezka.cz,other
smartmania.cz,other
Podcast HN 360° - podcast,other
dnoviny.cz,other
zdopravy.cz,other
ado.cz,institution_web
technickytydenik.cz,other
tzb-info.cz,other
atlasceska.cz,other
cyklonovinky.cz,other
mobilenet.cz,other
avcr.cz,institution_web
ceskobezcenzury.cz,antisystem
technet.iDNES.cz,other
aeronet.news,antisystem
eurofotbal.cz,other
podnikatel.cz,other
ČRo - zlin.cz,other
eulog.cz,other
MARKETING SALES MEDIA,other
bydlet.cz,other
Chip,other
lp-life.cz,other
sip.denik.cz,tabloid
hokej.cz,other
kudyznudy.cz,other
motorkari.cz,other
pravniradce.ihned.cz,other
tenisportal.cz,other
Týdeník Opavský a Hlučínský Region,other
Týdeník Vysočina,other
brnenskodnes.cz,other
Svobodný hlas,other
efotbal.cz,other
hrej.cz,other
ihano.cz,party_web
pozitivni-zpravy.cz,mainstream
Konkursní noviny - Bulletin,other
muni.cz,institution_web
Železniční magazín,other
biztweet.cz,market_driven
techfocus.cz,other
Svět motorů,other
novaburzoazie.com,antisystem
icot.cz,other
vodarenstvi.cz,other
Moderní obec,other
Týdeník Klatovska,other
agromanual.cz,other
export.cz,other
pr.denik.cz,other
arfa.cz,antisystem
mtbs.cz,other
AGRObase zpravodaj,other
ceskysvazcyklistiky.cz,other
mrk.cz,other
oenergetice.cz,other
personalista.com,other
TECH MAGAZÍN,other
Ranní brífink - podcast,other
kulturaok-eu.cz,opinion
dotekomanie.cz,other
ttg.cz,other
socialnidialog.cz,other
svobodny-vysilac.cz,antisystem
zing.cz,other
Britské listy - youtube,opinion
Senátní a sněmovní tisky,other
hobby.iDNES.cz,other
ucitelske-listy.cz,opinion
Nedělní Sport,other
REFLEX SPECIÁL,opinion
Sport magazín,other
evropa2.cz,mainstream
bezpecnostpotravin.cz,other
prumyslovaekologie.cz,other
equichannel.cz,other
sportovnilisty.cz,other
Sport GÓÓÓL!,other
auto.tn.nova.cz,other
czechmarketplace.cz,other
kehilaprag.cz,other
rychlofky.wordpress.com,other
Development news,other
auto.iDNES.cz,other
objevit.cz,other
jablickar.cz,other
tyinternety.cz,other
autoroad.cz,other
obec.sumava.eu,institution_web
ČRo Vltava,other
bozpinfo.cz,other
doupe.cz,other
mujbiz.cz,other
nhl.cz,other
ozdravotnictvi.cz,mainstream
jakdokanady.cz,other
railtarget.cz,other
Snow,other
linuxexpres.cz,other
applenovinky.cz,other
cianews.cz,other
foodnet.cz,other
obnovitelne.cz,other
skandinavskydum.cz,other
Kecy & politika - podcast,other
Strategie,other
csfd.cz,other
horydoly.cz,other
kr-jihomoravsky.cz,institution_web
Potravinářská Revue,other
Travel digest,other
automakers.cz,other
otechnice.cz,other
spolecenskaodpovednostfirem.cz,other
Faktor Soukup,political_tabloid
e-vsudybyl.cz,other
mmspektrum.com,other
onbusiness.cz,other
ovodarenstvi.cz,other
strategie.e15.cz,other
ČRo - regiony.cz,mainstream
garaz.cz,other
maxiorel.cz,other
podoli.cz,institution_web
reality.iDNES.cz,other
Stavitel,other
e-bezpeci.cz,other
euserver.parlamentnilisty.cz,antisystem
nastartu.cz,other
stavebni-forum.cz,other
Be the Best,other
Security World,other
autorevue.cz,other
bydleni.iDNES.cz,other
estav.cz,other
fzone.cz,other
urad.vysoke-myto.cz,institution_web
365tipu.cz,other
Logistika,other
Potravinářský zpravodaj,other
Reliant Logistic News,other
Retail News,other
Transport magazín,other
bonusweb.iDNES.cz,other
crestcom.cz,other
finance.iDNES.cz,mainstream
inrybar.cz,other
sdeleni.idnes.cz,other
svetandroida.cz,other
E15 Cast - podcast,other
earch.cz,other
f1news.autoroad.cz,other
mpsv.cz,institution_web
procomputing.cz,other
Dům a bydlení,other
auto-mania.cz,other
fio.cz,other
national-geographic.cz,other
ronnie.cz,other
zemedelskytydenik.cz,other
estate.cz,other
hrnews.cz,other
itreport.cz,other
vtm.zive.cz,other
Apetit,other
Retailnews.cz,other
jezdci.cz,other
naschov.cz,other
Bar Life,other
Doma DNES,other
apatykar.cz,other
czechgamer.com,other
drevostavitel.cz,other
eprofil.cz,other
imaterialy.cz,other
olkraj.cz,institution_web
vyvoj.hw.cz,other
Stavebnictví,other
mistoprodeje.cz,other
mupe.cz,institution_web
phpfusion.cz,other
skypaper.cz,other
tenisovysvet.cz,other
uroda.cz,other
zahradaweb.cz,other
Hattrick,other
Marianne venkov & styl,other
Systémy logistiky,other
osz.org,other
ASB,other
AUTO DNES,other
Czech Industry,other
cestovinky.cz,other
czechleaders.com,other
kaocko.cz,other
planes.cz,other
railtarget.eu,other
svetneziskovek.cz,other
Lawyers & Business,other
autoweb.cz,other
autoweek.cz,other
isport.blesk.cz - premium,other
motormix.cz,other
myslivost.cz,other
packaging-cz.cz,other
silnice-zeleznice.cz,other
systemylogistiky.cz,other
treking.cz,other
Auto TIP,other
Innovation,other
Pojistný obzor,other
"Střechy, fasády, izolace",other
Zbraně & náboje,other
amsp.cz,institution_web
apetitonline.cz,other
corporateict.cz,other
hcom.cz,other
komunalniekologie.cz,other
konstrukce.cz,other
novebydleni.cz,other
ondrejprokop.cz,other
spanelskyfotbal.cz,other
stavba.tzb-info.cz,other
F.O.O.D.,other
ceskavedadosveta.cz,other
fotbalportal.cz,other
gastroahotel.cz,other
insight.cz,other
pcworld.cz,other
prekon.cz,other
tech.ihned.cz,other
vseoprumyslu.cz,other
ČRo - jazz.cz,other
Control engieneering Česko,other
Marianne bydlení,other
PRO-ENERGY,other
Sociální služby,other
Trucker,other
asb-portal.cz,other
insmart.cz,other
zboziaprodej.cz,other
All for POWER,other
Silnice a železnice,other
airways.cz,other
archspace.cz,other
autobible.euro.cz,other
keengamer.com,other
listy.mesto-most.cz,institution_web
marketingsales.cz,other
skillzone.cz,other
tvarchitect.com,other
vetweb.cz,other
Řečí peněz - podcast,other
Agrární obzor,other
Chatař & chalupář,other
Forbes Podcast - podcast,mainstream
Speed,other
cad.cz,other
cdr.cz,other
desperado.cz,other
gamepark.cz,other
ireceptar.cz,other
openoffice.cz,other
retrend.cz,other
stavbaweb.dumabyt.cz,other
Dům a zahrada,other
autickar.cz,other
dTest,other
diverzita.cz,other
efektivniuspory.cz,other
footballclub.cz,other
marketingovenoviny.cz,other
motor-max.cz,other
pokerarena.cz,other
profiboxing.cz,other
rychlofky.cz,other
slunecnice.cz,other
stahuj.centrum.cz,other
techmagazin.cz,other
Domo,other
InfoLab,other
atbars.com,other
bikestream.cz,other
busportal.cz,other
bydleni.cz,other
ceskestavby.cz,other
digiarena.cz,other
eurogamer.cz,other
logisticsatoz.com,other
skoda-storyboard.com,other
topkoktejl.cz,other
turisimo.cz,other
vyslapy.cz,other
xboxweb.cz,other
Konstrukce,other
ZBOŽÍ & PRODEJ,other
atletika.cz,other
autosalon.tv,other
campuj.online,other
czechrepublic.googleblog.com,other
grunex.com,other
ictsecurity.cz,other
indiefilm.cz,other
karlovyvary.cz,institution_web
kupi.cz,other
netguru-nn.com,other
reportazezprumyslu.cz,other
reseller-channel.cz,other
vyletnik.cz,other
FocusOn.cz,other
Materiály pro stavbu,other
Proti Proudu - podcasts,other
allforpower.cz,other
automobilrevue.cz,other
blog.iDNES.cz,opinion
connect.cz,other
controlengcesko.com,other
czechinvest.org,other
fights.cz,other
fotbal.hattrick.cz,other
franchising.cz,other
hybrid.cz,other
milujufotbal.cz,other
prumyslovaautomatizace.com,other
slavia.cz,other
technikaatrh.cz,other
tourism-review.com,other
truckfocus.cz,other
ČRo Karlovy vary,other
CZ TEST - Svět potravin,other
adsl.cz,other
alik.idnes.cz,other
autojournal.cz,other
automa.cz,other
autovylet.cz,other
digitalnidomacnost.cz,other
digitalnitelevize.cz,other
dopravacek.eu,other
ekonews.cz,other
erpforum.cz,other
flying-revue.cz,other
freebit.cz,other
itoday.cz,other
markething.cz,other
praktickalogistika.cz,other
prcom.cz,other
slavanazdarvyletu.cz,other
starty.cz,other
svetprumyslu.cz,other
tvbydleni.cz,other
Brands & Stories,other
Brno Business,other
CFOworld,other
Moderní byt,other
Truck & business,other
atominfo.cz,other
autozive.cz,other
betarena.cz,other
ddworld.cz,other
gizchina.cz,other
jogadnes.cz,other
jtbank.cz,other
kamzajdem.cz,other
netguru.cz,other
nic.cz,other
playzone.cz,other
pressmob.cz,other
sps.cz,other
stavitel.cz,other
strojirenstvi.cz,other
t3mag.cz,other
tisnov.cz,institution_web
transport-logistika.cz,other
welovecycling.com,other
zeleznicar.cd.cz,other
Automobil revue,other
BEVERAGE & GASTRO,other
Domov,other
H.O.M.i.E.,other
IT CAD,other
MM průmyslové spektrum,other
Moderní řízení HRM a CSR (newsletter),other
Realitymorava.cz,other
Spektra,other
Svět balení,other
Vinař-sadař,other
androiduj.cz,other
buildingnews.cz,other
cbcsd.cz,other
ceskymac.cz,other
chrudim.eu,institution_web
citybee.cz,other
dlprofi.cz,other
erpmag.cz,other
fintechcowboys.cz,other
formule.cz,other
fotbal.cz,other
hrmprofi.cz,other
mdcr.cz,institution_web
mmashorties.cz,other
motejlekskocdopole.com,other
odbornecasopisy.cz,other
portalobydleni.cz,other
realitycechy.cz,other
soutezmania.cz,other
sport.ihned.cz,other
sportrevue.cz,other
svetbaleni.cz,other
svettisku.cz,other
tvstav.cz,other
vseodatacentrech.cz,other
zakazka.cz,other
AUTOservis,other
Architect+,other
Auto Tip Klassik,other
Deník - Magazín Bydlení,other
Fresh time,other
Můj dům,other
Na volné noze - podcast,other
Sport Coach,other
Transport a logistika,other
active-sport.cz,other
automotofin.cz,other
autoperiskop.cz,other
casopisstavebnictvi.cz,other
celnisprava.cz,institution_web
chatar-chalupar.cz,other
cs-dopravak.cz,other
czechkiwis.cz,other
designmagazin.cz,other
drevoastavby.cz,other
ekobydleni.eu,other
en.dps-az.cz,other
gate2biotech.cz,other
inodpady.cz,other
izdoprava.cz,other
jenprocestovatele.topzine.cz,other
kamsevydat.cz,other
mhd86.cz,other
nechcemeuloziste.cz,other
pressweb.cz,other
raft.cz,other
stavbaweb.cz,other
AGE MANAGEMENT,other
AutoProfi,other
Bydlení,other
COT - Celý o turismu,other
"Pivo, Bier & Ale",other
Potravinářský obzor,other
T+T Technika a trh,other
TH auto,other
ekontech.cz,other
excalibur.cz,other
expressauto.cz,other
gamepress.cz,other
lmc.eu,other
motoforum.cz,other
notebook.cz,other
prumysl.cz,other
solarninovinky.cz,other
svetmotoru.auto.cz,other
testyojetin.cz,other
udrzbapodniku.cz,other
vodohospodarske-stavby.cz,other
vstupzdarma.cz,other
warengo.com,other
ČRo - informace.cz,mainstream
Connect!,other
Magazín Deník Hobby,other
Motocykl,other
Yacht,other
applecrunch.cz,other
applikace.cz,other
auta.yauto.cz,other
autoservismagazin.cz,other
cleverandsmart.cz,other
lezec.cz,other
mobil.iDNES.cz,other
montyrich.cz,other
navstivtejeseniky.cz,other
nbl.cz,other
pohorka.info,other
primadoma.cz,other
priroda.cz,other
tourism-review.cz,other
triatlon.cz,other
vytukej.cz,other
zdrojak.cz,other
Czechcrunch - podcast,other
Doprava a silnice,other
Electro Dad - youtube,other
Extra PC,other
Lastauto omnibus,other
Nordic,other
PANÍ DOMU,other
Počítač pro každého,other
africkyportal.cz,other
automix.cars.cz,other
bezeckaskola.cz,other
ceskenapoje.cz,other
czc.cz,other
czechtravelpress.cz,other
digimedia.cz,other
diit.cz,other
dsl.cz,other
elektronik-info.cz,other
encompassme.com,other
f1sport.autorevue.cz,other
golfdigest.cz,other
imotorsport.autoroad.cz,other
megapixel.cz,other
motolevel.com,other
mujdum.dumabyt.cz,other
muvrchlabi.cz,institution_web
noramb.cz,other
obcanskavystavba.cz,other
oneindustry.one,other
overwatch.cz,other
rajadventur.cz,other
sportovninoviny.cz,other
studna.cz,other
svet-potravin.cz,other
vlcoun.cz,other
volty.cz,other
Český autoprůmysl,other
AUTOforum,other
Auto motor a sport,other
Caravan Magazine,other
Naše krásná zahrada,other
Pneu revue,other
TTG Czech,other
Tyres & Equipment,other
Zemědělec (newsletter),other
anglickaliga.com,other
apic-ak.cz,other
apic.cz,other
bezvabeh.cz,other
biom.cz,other
business-car.cz,other
casopis.ochranaprirody.cz,other
chomutov-mesto.cz,institution_web
crdm.cz,other
czgbc.org,other
developmentnews.cz,other
elektrika.cz,other
elektro.oneindustry.one,other
eportal.parlamentnilisty.cz,antisystem
eurologport.eu,other
ew-nn.com,other
facestar.cz,other
freeride.cz,other
gamebro.cz,other
genderaveda.cz,other
geobusiness.cz,other
homeincube.cz,other
itveskole.cz,other
jsmepartners.cz,other
kamsdetmi.com,other
letistecr.cz,other
living.cz,other
managementnews.cz,other
mladypodnikatel.cz,other
modernibyt.cz,other
modernibyt.dumabyt.cz,other
nastrojarna.oneindustry.one,other
nazeleno.cz,other
o2sport.cz,other
obrabeni.oneindustry.one,other
padler.cz,other
potravinyinfo.cz,other
premiumsports.cz,other
run-magazine.cz,other
samsungmagazine.eu,other
stavebnictvi3000.cz,other
svetbehu.cz,other
transportminutes.eu,other
tryhard.cz,other
uamk.cz,other
zoousti.cz,institution_web
ČRo - digitalne.cz,mainstream
Auto 7,other
Blesk Bydlení,other
"Camping, cars & caravans",other
EKO Česko,other
Náš útulný byt,other
Píárko - podcast,other
Pěkné bydlení,other
Realizace staveb,other
Reportér AŽD Praha,other
Stavba,other
Svět kuchyní,other
TV sport,other
aeroweb.cz,other
aiworld.cz,other
autodealers.cz,other
autokaleidoskop.cz,other
automotolife.cz,other
autosalon.iprima.cz,other
bikeracing.cz,other
bozpprofi.cz,other
btctip.cz,other
bvv.cz,other
cenyenergie.cz,other
ceskykutil.cz,other
chemagazin.cz,other
chess.cz,other
digitovarna.cz,other
dopravni-magazin.cz,other
ecofuture.cz,other
elektrickevozy.cz,other
elektroprumysl.cz,other
energetikainfo.cz,other
enterprise-europe-network.cz,other
fDrive.cz - youtube,other
fyi.cz,other
golf.cz,other
gpf1.cz,other
happyfly.cz,other
hernimag.cz,other
horyinfo.cz,other
ittb.cz,other
jimejinak.cz,other
kct.cz,other
kyberbezpecnost.cz,other
letuska.cz,other
logisticnews.eu,other
magazinloterie.cz,other
militarybox.cz,other
mozilla.cz,other
nfl.cz,other
odpady-online.cz,other
okolobytu.cz,other
pilotinfo.cz,other
primanapady.cz,other
rodinnevylety.cz,other
sfzp.cz,institution_web
skodaoctavia.cz,other
spiritmagazin.cz,other
tvfreak.cz,other
4 FLEET,other
4x4 Automagazín,other
53x11.cz,other
AUTOmakers,other
Bydlení mezi panely,other
"Bydlení, stavby, reality",other
FLEET,other
Golf,other
Medicína podcasty - podcast,other
Meziplyn - youtube,other
MladýPodnikatel.cz - podcast,other
Mosty,other
MotoRoute,other
OUTDOOR guru,other
Svět motorů Speciál,other
acri.cz,other
agroportal24h.cz,other
aktivtono.cz,other
appliste.cz,other
autofox.cz,other
autofun.cz,other
autonoviny.cz,other
autotrip.cz,other
avmag.cz,other
besteto.cz,other
biatlon.cz,other
boardmag.cz,other
brezolupy.cz,institution_web
bydlimekvalitne.cz,other
ceskefirmy.com,other
cestovatel.cz,other
designcabinet.cz,other
designmag.cz,other
digilidi.cz,other
dota2.cz,other
dustojnestarnuti.cz,other
ekologickarevue.cz,other
energie21.cz,other
etm.cz,other
euro-media.cz,other
ewrc.cz,other
fanapple.cz,other
fortunaliga.cz,other
hokejportal.cz,other
ifaster.cz,other
ifma.cz,other
imagazin.cz,other
industrystock.cz,other
interval.cz,other
ipodnikatel.cz,other
ipure.cz,other
ivelo.cz,other
izahradkar.cz,other
kancelare.cz,other
magazinzahrada.cz,other
media.skoda-auto.com,other
median.eu,other
menhouse.cz,other
motorelax.cz,other
motorguru.cz,other
mujolympus.cz,other
newsfeed.cz,other
obydleni.cz,other
old.re-play.cz,other
onwar.eu,other
optimalizovane-it.cz,other
orbion.cz,other
osmd.cz,other
pcdays.cz,other
pctuning.cz,other
podnikavazena.cz,other
pokerzive.cz,other
proelektrotechniky.cz,other
prostreno.cz,other
prumysl4.oneindustry.one,other
prumysldnes.cz,other
rugbyunion.cz,other
sirdo.eu,other
skodahome.cz,other
softball.cz,other
sport19.cz,other
stech.cz,other
t-press.cz,other
tarifon.cz,other
testado.cz,other
tipcars.com,other
truck-business.cz,other
trucker.cz,other
up.network,other
zahrada-centrum.cz,other
zelpage.cz,other
zenavaute.cz,other
ČRo - sport.radiozurnal.cz,other
Auto motor a sport Classic,other
AutoEXPERT,other
AutoforDrive,other
Autokult.cz - Auta nás baví - podcasts,other
BIKE + Peloton,other
Data security management,other
Dm - podcasts,other
Dopravák,other
EVO,other
Home,other
LeasePlan Magazín,other
Mechanizace zemědělství,other
MotorBike,other
Odpadové fórum,other
REZIDENCE,other
Rasto Chvala GARAZ.TV - youtube,other
SUV Motor & Styl,other
Simply Clever - podcast,other
Vlastní firma FRANCHISING,other
agrocr.cz,other
all4camper.com,other
amerika.cz,other
antivirovecentrum.cz,other
auto4drive.cz,other
autokabelky.cz,other
automotive.oneindustry.one,other
basketmag.cz,other
beverage-gastronomy.cz,other
bezpecneit.cz,other
bydleni-iq.cz,other
bydleni12.cz,other
bydlenimagazin.cz,other
bytoverekonstrukce.cz,other
cadstudio.cz,other
cbanet.cz,other
cbf.cz,other
ceskereality.cz,other
cesky-prumysl.cz,other
cgf.cz,other
cka.cz,other
cloudforce.cz,other
cubu.cz,other
cvf.cz,other
cykloserver.cz,other
czechboxing.cz,other
czecot.cz,other
diaryofthewinners.cz,other
dopravniinfo.tv,other
e-flotila.cz,other
ekocesko.cz,other
ekovychovalk.cz,other
elektrina.cz,other
esg-investice.cz,other
f1sport.auto.cz,other
f22.cz,other
fdrive.cz,other
florbal.cz,other
fotoguru.cz,other
gastrohouse.cz,other
golfinfo.cz,other
hcdukla.cz,other
homebydleni.cz,other
hotelhouse.cz,other
huafan.cz,other
infoek.cz,other
inovacnipodnikani.cz,other
iot-portal.cz,other
itmag.cz,other
izolace-info.cz,other
japan-cars.cz,other
jirikov.cz,institution_web
jotopcestovani.cz,other
kampocesku.cz,other
komunalweb.cz,other
marigold.cz,other
marketaci.online,other
milikov.cz,institution_web
miroslavholec.cz,other
mojebydlo.cz,other
motejlek.com,other
motofocus.cz,other
mpx.cz,other
muj-ipad.cz,other
muscle-fitness.cz,other
nazkusenou.cz,other
netmonitor.cz,other
novy-jicin.cz,institution_web
odolnytelefon.cz,other
olympijskytym.cz,other
onlinerecepty.eu,other
peknebydleni.cz,other
penzista.net,other
pivniobzor.cz,other
plasty.oneindustry.one,other
portalridice.cz,other
rallyzone.autoroad.cz,other
rc-nn.com,other
realitni-zpravy.cz,other
realizacedrevostavby.cz,other
replaytv.cz,other
reserve.tv,other
skutrportal.cz,other
stylebrunch.cz,other
superapple.cz,other
svepomoci.cz,other
svetformule.cz,other
techarena.cz,other
techbit.cz,other
top-fight.cz,other
venkazdyden.cz,other
viralsvet.cz,other
vseovode.cz,other
vzpirani.cz,other
xrp.observer,other
zaletsi.cz,other
zdarbuh.cz,other
ČRo - d-dur.cz,other
Čro Junior,mainstream
AUTO TOP!,other
Autokult CZ - youtube,other
Business Car,other
Direkt,other
Dráha,other
Energie 21,other
Farmář,other
Faster magazine,other
Garáž - podcasts,other
HOME speciál,other
Horeka,other
Komora,other
Logistic News,other
Motor (ČR),other
Můj dům krok za krokem,other
Na rovinu o podnikaní - podcast,other
Premium golf,other
Professional Computing,other
Stavební a investorské noviny,other
Svět průmyslu,other
TRANSPORT Journal,other
acto.cz,other
agrojournal.cz,other
alternativad3.cz,other
androidaplikace.cz,other
antivirus.cz,other
archizoom.cz,other
autanet.cz,other
autapodlupou.cz,other
autaprozeny.cz,other
auto-zoom.cz,other
autodrom-most.cz,other
autofun.auto.cz,other
autohit.cz,other
autohled.cz,other
automatizace.oneindustry.one,other
automix.denik.cz,other
autozine.cz,other
bezky.net,other
bezlepek.cz,other
bike-mania.cz,other
biotrin.cz,other
blackberryczech.cz,other
bonusweb.idnes.cz,other
bukovec.cz,institution_web
buspress.eu,other
bydleni.idnes.cz,other
bydlenijeumeni.cz,other
bydleniprokazdeho.cz,other
bydlimeutulne.cz,other
byznys-energie.cz,other
calla.cz,other
carshouse.cz,other
caths.cz,other
ceska-krajina.cz,other
ceskeokruhy.cz,other
ceskovdatech.cz,institution_web
ceskyhokej.cz,other
ceskyrajdetem.cz,other
cestakbydleni.cz,other
chinaplanet.cz,other
citytrans.cz,other
cjf.cz,other
covybrat.cz,other
cultures.cz,other
czech-logistics.eu,other
czechbadminton.cz,other
czechstartups.org,other
czechswimming.cz,other
czechtourism.cz,other
czestochowa.cz,other
dailymotors.cz,other
decoro.cz,other
digichef.cz,other
digifotomag.cz,other
digirevue.cz,other
dopravadnes.cz,other
dopravni.net,other
dronidlo.cz,other
dubaj-informace.eu,other
edecko.cz,other
elektro.tzb-info.cz,other
elonx.cz,other
energytv.cz,other
era21.cz,other
evisions.cz,other
exportmag.cz,other
faktaovode.cz,other
ferpotravina.cz,other
fithall.cz,other
flymag.cz,other
fscr.cz,other
fujiclub.cz,other
gamingsite.cz,other
gordic.cz,other
hasicskelisty.sportovnilisty.cz,other
havas-pr-prague.prezly.com,other
hdmag.cz,other
helloworld.cz,other
homeandlife.cz,other
horosvaz.cz,other
hrmixer.cz,other
icmn.cz,other
ictmanazer.cz,other
igamers.cz,other
in-dekor.cz,other
inavody.cz,other
inbudovy.cz,other
inspiri.cz,other
internetprovsechny.cz,other
ioutdoor.cz,other
iqsl.cz,other
isuv.cz,other
itrevue.cz,other
ivodarenstvi.cz,other
izolace.cz,other
jacr.cz,other
jakbydlet.cz,other
jencestovani.cz,other
jezdectvi.cz,other
jizni-morava.cz,institution_web
kdechcibydlet.cz,other
kolopro.cz,other
krachycestovek.cz,other
kybez.cz,other
lenovoblog.cz,other
lepebydlet.cz,other
livinghome.cz,other
livinis.cz,other
lundegaard.eu,other
magazinobydleni.cz,other
malydobrodruh.cz,other
mamnapad.cz,other
mikulov.cz,institution_web
mobinfo.cz,other
mojezeme.cz,other
moto-svet.cz,other
motodenik.cz,other
motorbike-czech.cz,other
motorsportmondaycz.cz,other
motorsportrevue.cz,other
motoweek.cz,other
nakole.cz,other
nanokompozity.cz,other
napocitaci.cz,other
ndfootball.cz,other
nejenojidle.cz,other
newsinit.cz,other
obydlicko.cz,other
officeninja.cz,other
ojetinypodlupou.cz,other
orientacnisporty.cz,other
ping-pong.cz,other
pivni.info,other
pivnirecenze.cz,other
pivomol.cz,other
pixel.cz,other
pneumagazin.cz,other
pneurevue.cz,other
primadoma.tv,other
printing.cz,other
profigamers.cz,other
programujte.com,other
rallylife.cz,other
recepty.cz,other
receptyonline.cz,other
respawnpoint.cz,other
rezidenceonline.cz,other
roadblog.cz,other
roler.cz,other
sdetmipoevrope.cz,other
skoda-auto.cz,other
skodaautodigilab.com,other
smartmagazin.cz,other
smartworld.cz,other
soom.cz,other
speedlimit.cz,other
speedwaya-z.cz,other
sportovniudalosti.cz,other
sportyzive.cz,other
strojirenstvi.oneindustry.one,other
sunitka.cz,other
svet-notebooku.cz,other
svetfitness.cz,other
svethg.cz,other
svetojetychvozu.cz,other
svetsiti.cz,other
swmag.cz,other
techbrain.cz,other
temelin.cz,other
templeofspeed.cz,other
tennis-arena.cz,other
topdrive.cz,other
travelnews24.cz,other
tripmania.cz,other
truck-profi.cz,other
utulne.cz,other
veciautomobilove.cz,other
vezpetnemzrcatku.cz,other
vzdy.cz,other
wikicars.cz,other
winportal.cz,other
zivnostnikroku.cz,other
ČT sport,other
Česká národní banka - podcast,other
Mladá fronta DNES,mainstream
blesk.cz,tabloid
ČT 24,mainstream
Právo,mainstream
Lidové noviny,mainstream
TV Nova,mainstream
ČRo Plus,mainstream
ČRo Radiožurnál,mainstream
Haló noviny,party_web
ČT 1,mainstream
Hospodářské noviny,mainstream
Prima,mainstream
CNN Prima News,mainstream
Polar TV,mainstream
E15,mainstream
Respekt,opinion
Blesk,tabloid
Metro,mainstream
Reflex,opinion
Týden,tabloid
Deník N,investigative
Frýdecko-místecký a třinecký deník,other
Pardubický deník,other
Písecký deník,other
Vyškovský deník,other
Prostějovský deník,other
Benešovský deník,other
Českolipský deník,other
Jihlavský deník,other
Domažlický deník,other
Impuls,mainstream
Frekvence 1,mainstream
Rádio ZET,mainstream
ČRo Sever,mainstream
Aha!,tabloid
A2,opinion
TV Barrandov,tabloid
lidovky.cz,mainstream
eurabia.cz,antisystem
cz.sputniknews.com,antisystem
pravyprostor.cz,antisystem
ceskoaktualne.cz,antisystem
prvnizpravy.cz,political_tabloid
rukojmi.cz,antisystem
cnn.iprima.cz,mainstream
halonoviny.cz,party_web
novarepublika.cz,antisystem
protiproud.cz,antisystem
tiscali.cz,mainstream
prima.iprima.cz,mainstream
bezpolitickekorektnosti.cz,antisystem
eurodenik.cz,antisystem
zvedavec.org,antisystem
aeronet.cz,antisystem
vasevec.parlamentnilisty.cz,political_tabloid
voxpopuliblog.cz,antisystem
kupredudominulosti.cz,antisystem
finmag.penize.cz,opinion
zpravy.dt24.cz,antisystem
hrad.cz,institution_web
olomoucky.rej.cz,mainstream
tydenikobcanskepravo.cz,antisystem
e-sondy.cz,other
leva-net.webnode.cz,antisystem
sumpersky.rej.cz,mainstream
ustinadorlicidnes.cz,other
lajk.iprima.cz,tabloid
tn.nova.cz,mainstream
prazskezpravy.cz,other
aktual24.cz,mainstream
style.iprima.cz,tabloid
evropskenoviny.cz,other
fondinfo.cz,other
zeitung.cz,other
inadhled.cz,antisystem
jihoceskezpravy.cz,other
miroslav-kalousek.cz,party_web
zrcadlo.net,other
euportal.cz,antisystem
vlasteneckenoviny.cz,antisystem
svobodnenoviny.eu,antisystem
eportal.cz,antisystem
nwoo.org,antisystem
ceskapozice.cz,mainstream
bleskove.cz,tabloid
euserver.cz,antisystem
tadesco.cz,antisystem
gloobal.cz,political_tabloid
krize15.cz,mainstream
zpravyextra.cz,tabloid
iprima.cz,mainstream
irucz.ru,political_tabloid
denikplus.cz,market_driven
tydeniky.cz,other
prask.nova.cz,tabloid
ceskapozice.lidovky.cz,mainstream
tapolitika.cz,opinion
neviditelnypes.lidovky.cz,mainstream
solidarita.socsol.cz,other
stredoevropan.cz,antisystem
egov.cz,other
ceskezpravy.eu,antisystem
raptor-tv.cz,antisystem
vipnoviny.cz,antisystem
